Date Time Hour Beginning,Date Time Hour Beginning,Original Res Forecast before Lockdown,Residual Forecast,RSA Contracted Forecast,Dispatchable Generation,Residual Demand,RSA Contracted Demand,International Exports,International Imports,Thermal Generation,Nuclear Generation,Eskom Gas Generation,Eskom OCGT Generation,Hydro Water Generation,Pumped Water Generation,ILS Usage,Manual Load_Reduction(MLR),IOS Excl ILS and MLR,Dispatchable IPP OCGT,Eskom Gas SCO,Eskom OCGT SCO,Hydro Water SCO,Pumped Water SCO Pumping,Wind,PV,CSP,Other RE,Total RE,Wind Installed Capacity,PV Installed Capacity,CSP Installed Capacity,Other RE Installed Capacity,Total RE Installed Capacity,Installed Eskom Capacity,Total PCLF,Total UCLF,Total OCLF,Total UCLF+OCLF,Non Comm Sentout,Drakensberg Gen Unit Hours,Palmiet Gen Unit Hours,Ingula Gen Unit Hours
2019-04,2019-04-15 23:30:00,24941.437169444456,26086.69101250002,25059.80923888884,25085.14845277772,26237.720786111076,1557.005922222222,957.7269444444445,22072.410763888955,1848.0402777777779,0.04027777777777778,189.7111111111111,84.875,521.0083333333333,4.64625,0.0,20.692963888888887,48.61876666666668,-2.0,-1.4111250000000117,0.0,-659.2111111111111,662.9715333333326,347.49033194444434,132.65981805555538,9.450650000000003,1152.5723333333322,2079.7600000000084,1474.189999999973,500.0,21.780000000000268,4075.729999999984,44104.0,5420.780822222202,8230.96550972222,578.9401069444416,8809.416666666666,455.9527819444445,1372.736625000003,81.94999999999992,42.09666666666671,41.68190972222221
2019-05,2019-05-16 11:30:00,25995.73231854842,27040.630716397827,26064.148239247224,26096.417190860127,27164.83270161289,1758.5690456989253,1195.090053763441,23382.042956989255,1495.6236559139784,0.0967741935483871,23.713709677419356,96.38978494623656,557.8104838709677,8.619220430107527,0.0,23.6497311827957,39.85490591397849,-1.9986559139784945,-2.3020430107526715,0.0,-722.1733870967741,634.3864502688172,311.67389381720466,107.5727379032257,14.782428763440853,1068.415510752688,2079.7600000000084,1474.1899999999719,500.0,21.780000000000282,4075.729999999984,44104.0,4151.802989247306,7876.867208333354,588.5745672043017,8464.93682795699,464.51209677419354,1628.3126276881744,85.52862903225805,44.58845430107521,34.555598118279555
2019-06,2019-06-15 23:30:00,26285.22456249999,27497.07691527778,26298.37855972215,26317.180527777706,27543.00336111109,1759.6155777777756,967.875,23510.847430555557,1843.3652777777777,0.06805555555555555,66.65708333333333,63.644444444444446,601.6666666666666,6.526249999999999,0.0,12.275718055555556,52.04910138888887,-2.001388888888889,-1.423666666666678,0.0,-804.3694444444444,797.6339041666668,304.2407333333332,114.2631083333334,9.6850875,1225.8228333333327,2079.7600000000084,1474.189999999973,500.0,21.780000000000268,4075.729999999984,43691.0,2450.3028319444434,9536.798630555542,517.6276624999996,10053.929166666667,456.35555555555555,1612.3230027777786,82.01444444444444,41.767486111111104,34.81418055555555
2019-07,2019-07-16 11:30:00,26319.72084274194,27587.93600940859,26198.0800551074,26214.295579300942,27531.914817204284,1761.9472930107524,1110.1680107526881,23276.214731182794,1804.220430107527,0.01881720430107527,94.39381720430107,64.38709677419355,631.1559139784946,6.199596774193548,0.0,10.015927419354838,44.1710362903226,-1.8736559139784945,-1.487163978494633,0.0,-823.2889784946236,895.877637096775,316.11313575268844,95.73589784946236,9.892567204301075,1317.6192379032245,2079.7600000000084,1474.1899999999719,500.0,21.780000000000282,4075.729999999984,43691.0,2393.119751344085,9488.511162634406,556.4099112903231,10044.405913978495,471.8024193548387,1184.7667405914,80.13010752688169,40.65338709677418,37.06531586021507
2019-08,2019-08-16 11:30:00,25008.811499999985,26152.404233870984,24809.029018817015,24816.96271102132,26000.98171639782,1855.6119072580655,1030.1680107526881,22065.574408602148,1839.5967741935483,0.0,5.836021505376344,68.60887096774194,605.2903225806451,2.9195564516129027,0.0,5.014135752688172,4.281666666666666,-2.0,-1.671142473118288,0.0,-806.6559139784946,649.4041693548387,355.414196236559,170.03955241935492,9.161087365591394,1184.0190053763436,2079.7600000000084,1474.1899999999719,500.0,21.780000000000282,4075.729999999984,44411.0,4210.900431451611,8633.885247311822,633.0435215053768,9266.423387096775,454.84139784946234,874.3068844086037,82.6928763440861,43.53837365591399,37.50700940860219
2019-09,2019-09-15 23:30:00,24841.031565277786,26156.056266666634,24995.878533333285,25015.694227777727,26376.778829166662,1744.348640277776,1135.9347222222223,22369.96069444448,1503.651388888889,0.002777777777777778,74.70416666666667,80.13472222222222,663.2763888888888,7.299722222222223,0.0,12.515972222222222,42.19764444444444,-1.9902777777777778,-2.7811944444444516,0.0,-869.2125,743.5973666666663,388.87135138888925,220.05763749999988,8.558245833333324,1361.0846013888881,2079.7600000000084,1474.189999999973,500.0,21.780000000000268,4075.729999999984,44297.0,4835.710445833334,8454.118877777779,902.6516027777792,9356.261111111111,461.9138888888889,702.0347916666684,77.77861111111116,38.572152777777774,35.08277777777779
2019-10,2019-10-16 11:30:00,25344.53725806451,26743.42281720429,25333.114438172044,25464.82187231183,26884.993127688125,1825.6354260752694,1210.9314516129032,23023.3511155914,929.4274193548387,0.0,189.36962365591398,78.77956989247312,601.0309139784946,5.179032258064516,103.22764112903221,23.300760752688177,91.6889946236559,-2.0,-4.203897849462348,0.0,-785.260752688172,754.9302755376345,433.65358467741964,226.5173010752686,5.0700940860215065,1420.1712553763427,2079.7600000000084,1474.1899999999719,500.0,21.780000000000282,4075.729999999984,44297.0,3716.9138763440787,9846.49170026883,774.1879327956996,10620.16935483871,466.9489247311828,567.1963830645166,77.86075268817201,39.53259408602145,38.00137768817209
2019-11,2019-11-15 23:30:00,25124.529522222234,26604.237463888872,25088.06540277779,25209.562409722235,26697.909786111086,1896.9347111111108,1254.736111111111,22714.85644444445,927.8791666666667,0.03333333333333333,185.01527777777778,75.30694444444444,597.5458333333333,5.6975694444444445,20.964229166666666,94.83520833333333,119.60406944444439,-1.9180555555555556,-4.058999999999983,0.0,-780.9347222222223,801.2757277777783,442.6306611111114,239.24882499999993,5.192162499999991,1488.3473763888876,2079.7600000000084,1474.189999999973,500.0,21.780000000000268,4075.729999999984,44297.0,4552.182111111112,9748.618619444444,797.613543055556,10545.738888888889,445.99583333333334,917.6644444444445,80.98708333333335,39.476611111111076,39.977486111111105
2019-12,2019-12-16 11:30:00,23584.664220430128,25110.81162768818,22977.155661290326,23573.63562365592,25073.02230510751,1786.7308239247302,1288.9556451612902,20508.20177419357,913.8333333333334,0.5026881720430108,218.32930107526883,75.58064516129032,558.1639784946236,6.016129032258065,541.483241935484,48.98059139784946,152.44582258064517,-1.9206989247311828,-4.158602150537619,0.0,-732.7782258064516,860.7694099462362,402.373387096774,226.14445295698945,10.099431451612896,1499.3866814516125,2079.7600000000084,1474.1899999999719,500.0,21.780000000000282,4075.729999999984,45017.0,4372.037463709681,12577.089357526882,1030.885197580645,13607.456989247312,474.36424731182797,620.9513440860214,79.76935483870969,40.52505376344082,39.61982526881721
2020-01,2020-01-16 11:30:00,24250.151538978473,25761.514888440885,24077.275217741942,24276.441048387103,25762.38929569889,1799.1440376344055,1320.8709677419354,20825.32392473117,1596.5456989247311,0.005376344086021506,309.5793010752688,79.97446236559139,541.1720430107526,5.221706989247312,173.26939247311827,20.6747311827957,137.62361827956983,-1.635752688172043,-1.7906048387096787,0.0,-730.3938172043011,796.588610215054,421.2740766129034,259.99760752688155,8.08795295698924,1485.9482473118267,2079.7600000000084,1474.1899999999719,500.0,21.780000000000282,4075.729999999984,45017.0,3638.5622540322533,13145.865017473114,834.8633266129044,13980.233870967742,448.4569892473118,1049.3575268817203,79.50624999999985,39.284838709677494,38.86682795698926
2020-02,2020-02-15 11:30:00,25193.04898706901,26541.977264367797,24518.481097701108,25147.910432471224,26462.898139367833,1737.5024899425312,1180.2686781609195,21338.375416666688,1840.3189655172414,0.4382183908045977,184.97988505747125,102.86925287356321,525.5833333333334,7.0015086206896555,600.3462284482762,22.081597701149423,68.2348189655172,-1.9971264367816093,-1.402126436781619,0.0,-719.1882183908046,742.1324870689655,387.7349712643677,174.7773649425287,10.342883620689655,1314.9877068965513,2079.7600000000084,1505.2244827585944,500.0,21.780000000000253,4106.764482758605,45017.0,4386.933692528738,12105.41517528735,493.8232112068959,12598.758620689656,435.7212643678161,1174.6024425287358,81.37169540229891,42.256666666666675,36.11353448275863
2020-03,2020-03-16 11:30:00,24321.287862903217,25569.137126344085,23829.747655913896,24182.5664892472,25421.53306048391,1873.0743844086012,1241.5483870967741,20684.241868279572,1585.6451612903227,0.09408602150537634,269.9045698924731,82.52553763440861,594.8024193548387,4.701814516129032,334.71068145161274,13.40633870967742,167.568126344086,-1.881720430107527,-1.890295698924721,0.0,-792.8104838709677,631.0445255376343,445.37143548387104,150.31214919354858,12.238461021505373,1238.9665712365588,2079.7600000000084,1648.3835483870666,500.0,21.780000000000282,4249.92354838708,45017.0,4393.05245295699,11570.50884274193,635.7610416666656,12205.775537634408,445.8051075268817,738.2821236559139,82.60127688172048,42.57547043010751,30.0325873655914
2020-04,2020-04-15 23:30:00,19009.295075000024,20160.384201388883,19021.26101527778,19031.45564583334,20206.17303055555,1427.055547222222,1284.4958333333334,16830.783,957.6680555555556,0.013888888888888888,20.055555555555557,127.15972222222223,689.9680555555556,8.181388888888888,0.0,2.0132416666666666,28.022862499999995,-1.4527777777777777,-4.27401388888887,0.0,-911.1791666666667,614.274833333333,410.30478055555545,138.8626541666667,11.275116666666673,1174.717384722223,2079.7600000000084,1751.6899999999687,500.0,21.780000000000268,4353.229999999983,45017.0,6962.828161111105,7987.136280555556,1025.6796388888888,9012.315277777778,462.25,439.4897222222222,86.76083333333318,46.33666666666666,27.80028611111111
2020-05,2020-05-16 11:30:00,22299.355180107545,23419.06331586022,22428.378353494616,22441.752099462363,23543.051389784938,1394.6322231182792,1082.2217741935483,20521.29247311828,884.4556451612904,0.0,38.291666666666664,118.08333333333333,648.2325268817204,5.338978494623655,0.0,8.03476747311828,25.704321236559153,-1.9986559139784945,-4.807956989247294,0.0,-883.0967741935484,543.2251854838702,407.1886223118279,140.6297231182797,10.255759408602154,1101.2992903225806,2079.7600000000084,1774.1899999999673,500.0,21.780000000000282,4375.729999999983,45017.0,2906.8780900537668,8255.073795698923,2047.7300120967654,10302.32930107527,434.68817204301075,346.6518817204301,87.3807795698925,46.90711021505371,28.789939516129024
2020-06,2020-06-15 23:30:00,24575.84882083332,25830.005956944424,24714.964923611096,24725.773395833316,25981.637101388915,1470.5571611111097,1092.6666666666667,22754.890913888892,881.8902777777778,0.002777777777777778,81.99061111111112,58.395833333333336,670.1777777777778,5.821458333333333,0.0,4.987013888888889,71.35071250000004,-1.8888888888888888,-4.504813888888875,0.0,-890.0069444444445,768.4783430555549,363.95400277777776,115.27420694444434,8.157152777777783,1255.8637055555553,2079.7600000000084,1774.189999999968,500.0,21.780000000000268,4375.729999999983,44926.0,2092.4463680555564,8613.965199999997,1827.8710041666682,10441.333333333334,453.0361111111111,414.1725,88.76833333333323,46.19727777777776,31.751395833333316
2020-07,2020-07-16 11:30:00,25227.601411290296,26517.76163440858,25025.404255376267,25198.78881451605,26484.375338709688,1415.035487903226,1118.7930107526881,22470.858763440865,1257.7379032258063,1.7190860215053763,219.40322580645162,57.29704301075269,622.0241935483871,6.057795698924731,149.476561827957,17.850200268817204,105.4082204301074,-1.8064516129032258,-2.8318158602150496,0.0,-823.1989247311828,780.635954301075,397.4975672043014,99.1643279569892,8.288674731182804,1285.5865241935467,2079.7600000000084,1783.2222580644834,500.0,21.780000000000282,4384.762258064499,44926.0,3337.068029569893,8772.169494623657,1859.4718669354738,10631.141129032258,447.505376344086,83.78575268817204,88.84529569892474,45.94700268817209,33.72598790322579
2020-08,2020-08-16 11:30:00,24485.32736021505,25944.093655913977,24295.91372311824,24445.45809408597,25931.098911290323,1407.5840672043025,1120.1948924731182,21909.47271505377,1078.608870967742,1.9879032258064515,212.39112903225808,65.63575268817205,603.8629032258065,5.120967741935484,140.7120456989247,3.711357526881721,97.0561142473118,-1.9341397849462365,-3.1473642473118257,0.0,-788.2150537634409,845.4943293010742,463.79057392473123,168.1964838709678,8.159430107526884,1485.6408172043016,2079.7600000000084,1814.1899999999666,500.0,21.780000000000282,4415.729999999983,44926.0,4971.634516129033,8373.586581989242,1757.8375967741893,10130.934139784946,448.5940860215054,323.23897849462367,87.19838709677417,45.24263440860218,35.701505376344116
2020-09,2020-09-15 23:30:00,24390.9183763889,25912.09423611112,24038.473070833308,24368.75381805554,25851.67526111112,1450.0765999999992,1017.5138888888889,22073.113999999994,911.6541666666667,0.0,91.32638888888889,80.48333333333333,532.5527777777778,2.198611111111111,315.62382638888874,12.458309722222223,68.87000138888885,-1.0458333333333334,-4.4692638888888725,0.0,-731.5263888888888,732.7696694444446,522.8764236111114,219.06773888888893,8.207611111111119,1482.9214430555544,2079.7600000000084,1859.6933333333404,500.0,21.780000000000268,4461.233333333258,44926.0,6257.476483333331,8454.972865277785,891.9486583333314,9346.425,451.59305555555557,966.445,87.45986111111108,46.69416666666662,39.5422013888889
2020-10,2020-10-16 11:30:00,24121.427048387108,25702.633006720407,24125.177797042976,24140.00143010749,25708.53468413979,1582.2885053763425,1031.657258064516,22023.861061827956,1130.0443548387098,0.0456989247311828,6.256720430107527,97.40591397849462,574.0873655913979,2.5133736559139788,0.0,12.310259408602153,30.702353494623665,-1.1518817204301075,-4.1221774193548155,0.0,-763.608870967742,783.479740591397,560.6533010752686,215.97611693548396,8.424095430107524,1568.5332540322563,2163.1870967742093,1957.0900000000158,500.0,21.780000000000282,4642.057096774215,44926.0,6172.529259408601,8945.407036290319,783.8094529569885,9728.725806451614,442.2029569892473,1350.2137096774193,89.13817204301056,46.38602150537635,40.28036290322583
2020-11,2020-11-15 23:30:00,23828.038944444448,25608.068101388893,23658.207197222157,23675.762522222154,25500.604097222214,1620.183026388889,970.0208333333334,20943.149487500003,1833.5611111111111,0.03194444444444444,0.0,86.2611111111111,485.1333333333333,1.9604166666666667,0.0,15.594908333333334,0.004626388888888889,-1.1291666666666667,-1.7177500000000085,0.0,-657.1083333333333,906.753795833333,630.8784388888893,275.6540569444445,11.555283333333339,1824.8415749999983,2292.8366666666893,1979.5900000000136,500.0,21.780000000000268,4794.206666666698,45646.0,7666.381038888888,7830.2245861111105,1444.5758222222232,9274.302777777777,445.60555555555555,799.66625,88.45722222222217,50.65508333333322,33.967333333333336
2020-12,2020-12-16 11:30:00,22872.954533602122,24640.291508064543,22654.636200268797,22721.924033602125,24545.01491532256,1478.8277567204302,1048.353494623656,19525.48107526882,1785.127688172043,0.0456989247311828,265.4206989247312,85.79704301075269,510.39112903225805,7.69616935483871,40.60660483870967,18.98505779569892,98.26909005376345,-1.1155913978494623,-1.4741801075268857,0.0,-661.6599462365591,906.1797836021505,640.4866438172047,263.0706088709675,13.353845430107521,1823.0908817204308,2472.381290322599,2032.090000000018,500.0,21.780000000000282,5026.251290322647,45646.0,8024.827684139783,8995.58115188172,1738.9553938172073,10734.040322580646,452.76344086021504,532.258064516129,80.03131720430113,39.52802419354842,28.920719086021524
2021-01,2021-01-16 11:30:00,23299.371376344086,25014.134870967766,22892.856323924687,23115.559637096714,24837.381553763447,1422.4737916666663,1155.505376344086,20201.03905913979,987.7258064516129,0.0,248.38172043010752,411.8467741935484,486.52150537634407,1.810483870967742,206.32568817204302,14.56714247311828,104.11036962365593,-2.0,-2.8629973118279497,0.0,-697.4112903225806,928.1946948924731,575.2964139784956,203.03123790322581,15.299569892473144,1721.8219166666652,2495.020000000015,2121.6061290322787,500.0,21.780000000000282,5138.4061290322925,45646.0,6031.6340739247225,11517.088879032259,1789.5282634408643,13306.131720430107,454.369623655914,1049.0599462365592,84.67446236559138,46.84226209677419,35.22100806451614
2021-02,2021-02-14 23:30:00,23886.985864583326,25603.872791666687,23752.055633928572,23939.0709077381,25647.734187500024,1492.0525505952378,1106.1473214285713,20819.917752976187,924.6473214285714,0.044642857142857144,400.25,558.141369047619,533.2752976190476,6.476711309523809,164.32958482142854,16.20897767857143,149.1513035714286,-2.0,-3.3512202380952294,0.0,-734.1681547619048,857.3691785714284,608.0785520833334,234.51518154761902,8.700367559523821,1708.6632797619054,2495.020000000015,2157.0900000000156,500.0,22.32285714285728,5174.432857142855,45646.0,5695.034186011921,11188.813755952384,1945.5677247023812,13133.89880952381,435.6354166666667,927.6950892857143,82.48497023809517,42.69328869047619,38.34555803571426
2021-03,2021-03-16 11:30:00,24359.7451465054,25925.17735752688,23800.9838481183,24221.181505376353,25805.21188978494,1443.9616088709672,1000.891129032258,21274.092930107534,924.635752688172,0.0456989247311828,410.7513440860215,185.89247311827958,521.983870967742,5.633131720430108,398.38753225806465,16.17701747311827,187.86896908602148,-1.8911290322580645,-3.2187594086021587,0.0,-700.0685483870968,759.9551774193542,588.6979005376342,218.75944489247323,16.617861559139786,1584.0303844086004,2495.020000000015,2157.090000000022,500.0,25.580000000000187,5177.689999999952,45646.0,6282.705990591375,10372.570235215062,1519.6736491935483,11891.74059139785,460.18145161290323,785.4072580645161,80.80873655913993,41.76034946236561,36.18233198924729
2021-04,2021-04-15 23:30:00,24210.44318472221,25520.91126944445,24225.306537500066,24257.51127500007,25589.961322222214,1617.0249055555576,1098.6236111111111,22034.17101388889,926.3180555555556,0.0,201.64027777777778,87.24722222222222,577.2388888888889,4.70625,11.866959722222221,15.631526388888878,98.16257916666669,-1.9625,-4.3951777777777785,0.0,-791.7375,617.8507291666666,551.8065847222223,147.83630416666668,14.956429166666675,1332.4500472222223,2495.020000000015,2196.690000000021,500.0,25.580000000000133,5217.289999999953,46371.0,5301.8058972222225,10719.900176388888,1114.1584666666668,11833.570833333333,447.04305555555555,437.6972222222222,81.23583333333337,41.74222222222222,36.113479166666636
2021-05,2021-05-16 11:30:00,24988.822676075288,26483.36693951613,24863.08967204309,24968.808194892546,26505.728615591386,1497.397358870969,956.0591397849462,22673.955524193545,917.1787634408602,0.0,290.372311827957,66.04569892473118,580.3467741935484,6.8533602150537645,86.90273790322581,11.962432795698927,164.31691801075272,-2.0,-4.053805107526886,0.0,-779.1317204301075,893.891725806452,494.4902983870969,132.6602110215054,15.878185483870967,1536.9204206989245,2612.7399999999916,2211.090000000024,500.0,25.580000000000187,5349.410000000052,46338.0,3240.8273413978495,11771.027985215054,1568.2024959677433,13338.735215053763,451.73655913978496,350.2456989247312,85.87258064516142,46.02188172043006,36.48086693548387
2021-06,2021-06-15 23:30:00,25503.003125,27097.71280833336,25297.271012500078,25791.05586388897,27372.134281944444,1490.373569444444,793.3902777777778,23031.18011111111,1239.0444444444445,0.15138888888888888,293.1458333333333,45.147222222222226,634.8263888888889,7.552870833333333,473.57717777777805,12.654813888888889,148.74036250000003,-1.9972222222222222,-2.3870819444444358,0.0,-883.9708333333333,1018.3558638888882,435.7793402777782,112.26665277777782,14.67656111111111,1581.0784180555563,2612.7399999999916,2211.0900000000215,500.0,25.580000000000133,5349.410000000048,46329.0,2833.4099763888903,11738.190427777787,969.3254083333327,12707.016666666666,457.2638888888889,479.4482430555555,78.15597222222226,39.634513888888925,35.888062499999954
2021-07,2021-07-16 11:30:00,25390.09367607529,27089.052299731175,25522.692412634562,25553.13048252703,27253.069415322574,1561.483737903227,1147.393817204301,22508.597446236563,1842.7432795698924,0.005376344086021506,124.03763440860214,57.168010752688176,648.9099462365591,8.747849462365592,16.714862903225807,4.97535752688172,94.4367647849462,-1.8131720430107527,-1.6603736559139632,0.0,-897.1263440860215,1063.3980013440862,492.7590309139784,130.94907123655915,12.832829301075279,1699.938932795701,2662.41741935483,2211.638387096798,500.0,25.580000000000187,5399.635806451664,46329.0,3522.322814516149,10337.156727150543,1129.2551706989234,11465.922043010753,447.872311827957,544.741935483871,84.80430107526882,46.540860215053726,40.873172043010726
2021-08,2021-08-16 11:30:00,24920.272264784922,26578.660411290344,24847.944818548644,24858.532274193796,26500.481345430107,1625.1974475806446,1389.0779569892472,21658.85224462366,1804.0147849462367,0.0,88.18010752688173,57.96639784946237,579.1008064516129,7.5360887096774185,0.0,3.0513669354838706,74.39207526881722,-1.9233870967741935,-1.5575712365591243,0.0,-800.1586021505376,977.572061827956,528.4592204301072,122.59355376344095,13.324235215053758,1641.9490712365584,2765.3980645161027,2212.090000000024,500.0,25.580000000000187,5503.068064516075,47049.0,5160.90835618279,9667.9711639785,1110.237000000001,10777.698924731183,458.06317204301075,0.0,86.02782258064528,46.3699596774193,42.36813172043013
2021-09,2021-09-15 23:30:00,23960.165326388895,25925.490377777773,23855.55653611137,23873.687136111363,25830.790834722233,1663.29746111111,1289.4375,20811.730013888893,1741.2930555555556,0.0,57.2125,82.85138888888889,599.0708333333333,7.177384722222222,0.0,10.953213888888888,51.422026388888895,-1.5069444444444444,-1.763569444444422,0.0,-774.1902777777777,1114.7024083333338,615.3513055555552,214.02464027777802,13.02534444444444,1957.1036986111123,2785.439999999959,2212.0900000000215,500.0,25.580000000000133,5523.109999999962,47043.0,5518.832079166671,10571.213405555563,1385.1992638888885,11955.913888888888,440.40416666666664,0.2536111111111111,86.47673611111118,48.9037916666666,40.43281250000003
2021-10,2021-10-16 11:30:00,23724.081951612927,25754.94160215054,23141.77853225816,23643.142385752755,25674.639373655893,1646.5933198924718,1052.5819892473119,19908.669314516123,1689.893817204301,0.0,456.3817204301075,93.84005376344086,534.8346774193549,10.237903225806452,477.72740053763425,13.398522849462369,120.47273387096773,-1.543010752688172,-1.1807352150537604,0.0,-712.1720430107526,1118.3871451612897,668.3646868279575,231.20872849462373,13.536427419354837,2031.4969879032253,2785.4399999999587,2212.090000000024,500.0,25.580000000000187,5523.109999999959,47043.0,5538.051190860219,12850.199911290329,1269.487069892472,14119.194892473119,444.4274193548387,0.1153225806451613,74.71250000000003,38.78129032258072,35.385793010752685
2021-11,2021-11-15 23:30:00,23768.47646250004,25795.012045833344,23211.71234722247,23791.846552777988,25845.611626388883,1669.9794194444455,1421.325,19614.720208333336,1814.6847222222223,0.1375,348.20694444444445,83.15694444444445,523.4013888888888,6.852013888888889,560.0058847222224,13.276308333333333,77.26681666666664,-1.8069444444444445,-0.9052402777777775,0.0,-668.475,1027.4961972222209,728.1302930555563,283.63414722222245,14.504436111111115,2053.7650736111104,2785.439999999959,2212.0900000000215,500.0,25.580000000000133,5523.109999999962,47043.0,5215.72529027778,12887.685283333338,1262.2557555555543,14149.440277777778,461.2763888888889,0.0,88.0761111111112,44.012499999999946,40.582458333333406
2021-12,2021-12-16 11:30:00,22543.118547042992,24515.24532930111,22290.229787634707,22344.6975174734,24325.50180241934,1648.303287634407,1490.0147849462367,18464.98724462366,1807.8602150537633,0.010752688172043012,153.89112903225808,455.752688172043,496.15725806451616,4.269758064516129,39.396408602150544,10.801556451612905,68.10686155913976,-1.9543010752688172,-1.5175456989247191,0.0,-643.0793010752689,1063.1975913978492,660.1971586021502,241.4884435483869,15.921091397849484,1980.8042849462365,2937.82838709683,2212.090000000024,500.0,25.580000000000187,5675.498387096805,47043.0,5935.279793010745,13290.74657661291,941.3093588709669,14231.555107526881,463.5819892473118,8.617741935483872,87.3498655913978,41.466908602150504,38.29703225806448
2022-01,2022-01-16 11:30:00,23164.018778225818,25023.639927419383,23141.48807795709,23157.669149193647,25018.339370967744,1605.830379032257,1478.465053763441,19735.494865591398,1284.8051075268818,0.002688172043010753,93.40456989247312,581.9112903225806,494.4717741935484,4.819758064516129,0.0,11.361311827956987,120.187182795699,-2.0188172043010755,-3.458764784946234,0.0,-641.7768817204301,989.4652983870968,647.3750456989247,214.51953494623646,9.310344086021503,1860.6702231182783,3023.370000000057,2212.090000000024,500.0,25.580000000000187,5761.040000000031,47043.0,5907.115154569886,12785.494490591409,840.8599502688164,13625.861559139785,449.6545698924731,176.0994623655914,85.37405913978482,43.071236559139855,30.83655645161294
2022-02,2022-02-14 23:30:00,24378.784784226194,26113.741456845248,24193.853037202432,24425.698977678614,26135.095470238128,1583.917906249999,1242.3095238095239,21365.210133928573,910.0357142857143,0.49851190476190477,205.6235119047619,516.9107142857143,501.2574404761905,6.710813988095238,210.58114285714277,14.553991071428573,120.27352827380942,-1.9925595238095237,-5.542860119047627,0.0,-660.7306547619048,866.2918244047627,641.6630208333333,189.12688541666662,12.314761904761903,1709.3964925595214,3038.3700000000517,2212.0900000000174,500.0,25.58000000000002,5776.04000000003,47043.0,5562.170766369054,12813.365400297625,722.7489791666669,13535.63392857143,434.04017857142856,411.5368273809524,85.03630952380952,44.47648809523805,36.4011011904762
2022-03,2022-03-16 11:30:00,24326.746915322557,25910.61937096773,23753.829881720565,24111.349963709807,25724.56991666666,1482.7777473118272,1176.9341397849462,20991.474489247317,912.2096774193549,1.6814516129032258,188.2688172043011,546.3293010752689,531.4139784946236,7.496102150537635,334.27691397849446,15.747076612903237,94.82633064516128,-1.875,-4.485772849462371,0.0,-682.9475806451613,918.7111384408582,520.2362096774189,151.14895833333338,23.123646505376332,1613.2199529569887,3163.37000000006,2212.090000000024,500.0,41.70903225806516,5917.169032258095,47043.0,6030.246291666667,12687.131295698939,627.3114731182802,13313.92069892473,476.2876344086022,526.0301075268818,82.68588709677418,47.674825268817145,33.848891129032204
2022-04,2022-04-15 23:30:00,23786.37234027778,25603.118518055562,23404.143940277827,23865.93284722224,25661.31712777777,1302.6553194444443,1307.9180555555556,20337.759573611114,912.7180555555556,0.9777777777777777,339.3728888888889,603.0013888888889,573.0013888888889,7.978194444444445,440.6565444444446,13.154193055555558,114.01753194444437,-1.8847222222222222,-3.9964027777777815,0.0,-778.7416666666667,1068.309891666668,520.471875,177.13278055555543,29.469733333333373,1795.3842805555546,3163.370000000058,2212.0900000000215,500.0,50.58000000000093,5926.040000000031,46797.0,5467.436045833333,13691.831465277759,625.1042333333335,14316.444444444445,438.2652777777778,601.958888888889,79.0026388888889,44.308819444444445,33.63331249999999
2022-05,2022-05-16 11:30:00,24719.126969085984,26232.149657258055,24324.998502688228,24776.26438306456,26270.088762096784,1321.2391747311842,1242.1370967741937,21432.96982526882,912.3481182795699,0.125,358.7459677419355,461.2204301075269,530.8494623655914,10.738440860215054,428.6295228494625,11.89793951612903,88.62268951612906,-1.9583333333333333,-3.864275537634415,0.0,-696.1975806451613,878.9607741935479,477.27517338709697,112.06899731182796,25.519434139784945,1493.8243790322583,3163.37000000006,2212.090000000024,500.0,50.58000000000096,5926.040000000031,46797.0,3154.119766129031,15034.637263440862,434.7244448924745,15468.852150537634,459.34139784946234,527.2822580645161,85.00544354838699,47.079838709677404,43.07913978494622
2022-06,2022-06-15 23:30:00,25425.455426388897,27110.4164013889,24830.65660416671,25510.61707638894,27164.973795833288,1315.6314138888883,1275.3194444444443,21987.71836111111,909.7305555555556,0.37777777777777777,447.1638888888889,207.53194444444443,555.4361111111111,7.148772222222221,667.4217361111109,5.389977777777778,156.0927097222222,-1.0277777777777777,-3.658716666666672,0.0,-704.0277777777778,1135.4518736111102,413.1150597222224,78.72075972222225,27.069027777777745,1654.356720833333,3177.35000000004,2212.0900000000215,500.0,50.58000000000093,5940.020000000013,47517.0,3418.5224124999995,13698.065226388882,1448.967188888888,15146.531944444445,456.56666666666666,0.08666666666666667,78.74143333333336,40.44470833333337,36.07151388888887
2022-07,2022-07-16 11:30:00,25309.0396733871,27027.247834677433,23772.75722580649,25134.262607526874,26956.866024193503,1333.2526599462358,1107.5120967741937,21498.173938172058,891.611559139785,0.23790322580645162,308.5416666666667,95.59139784946237,448.51478494623655,9.242405913978494,1347.5448306451626,4.718146505376344,39.6990309139785,-1.23252688172043,-2.922329301075261,0.0,-612.9704301075269,1260.9719838709677,442.3984516129031,101.14269489247302,18.090286290322588,1822.6034166666632,3361.6280645161164,2212.090000000024,500.0,50.58000000000096,6124.298064516222,47520.0,3386.999947580633,14565.856073924724,962.8907123655887,15528.270161290322,430.2096774193548,0.1318548387096774,86.71041666666672,45.849744623655894,42.528676075268834
2022-08,2022-08-16 11:30:00,24488.314173387123,26398.020123655937,24115.598557795798,24301.22656451621,26294.08382258063,1393.389682795699,1216.1975806451612,21271.25345430107,1342.1895161290322,0.9408602150537635,223.56720430107526,92.3736559139785,486.98521505376345,7.455174731182796,173.19675134408607,4.976094086021506,117.55163978494623,-1.3346774193548387,-4.1219233870967855,0.0,-630.0040322580645,1280.0466559139802,533.73107795699,153.54218548387084,25.537338709677417,1992.8572580645155,3442.569999999987,2212.090000000024,500.0,50.58000000000096,6205.240000000118,47520.0,4366.740247311828,13662.567901881725,317.5597661290313,13979.627688172042,457.69086021505376,0.0,87.72298387096768,47.224193548386985,45.33176747311832
2022-09,2022-09-15 23:30:00,23904.745113888875,25842.871418055565,21959.768651388877,24123.052155555582,26039.20381805559,1375.837143055557,1184.701388888889,19078.047388888892,1103.8361111111112,0.022222222222222223,517.3,89.22222222222223,511.7527777777778,10.558333333333334,2143.3320319444447,9.393197222222224,161.58860138888886,-1.4,-3.0619597222222157,0.0,-682.2402777777778,1153.1590569444443,558.8855291666667,168.14800972222227,35.959066666666715,1916.1516625000002,3442.569999999992,2212.0900000000215,500.0,50.58000000000093,6205.240000000115,47520.0,5407.714588888888,15555.500177777789,390.1636277777779,15945.155555555555,460.6277777777778,0.0763888888888889,73.34020833333342,36.77072222222232,35.48275694444444
2022-10,2022-10-16 11:30:00,23800.27469086019,25758.29572043008,22388.680163978563,23693.803299731186,25616.68835752688,1380.0811787634398,1188.3870967741937,18940.734543010756,1815.728494623656,1.1559139784946237,406.755376344086,96.58870967741936,495.05913978494624,6.908826612903226,1284.6286545698924,13.585731182795698,103.62121102150532,-1.885752688172043,-3.639495967741939,0.0,-653.8252688172043,1154.8075241935496,569.9133077956988,164.89558333333332,33.268642473118284,1922.8850577957003,3442.569999999987,2212.090000000024,500.0,50.58000000000096,6205.240000000118,46800.0,5635.785729838711,14021.470685483866,613.1515309139774,14634.118279569893,461.5241935483871,0.0,77.45544354838697,37.94166666666677,39.34338709677427
2022-11,2022-11-15 23:30:00,23785.04121666668,25936.68083472226,22258.304304166675,23717.00424166667,25915.950115277763,1436.6205000000023,1071.2027777777778,18917.7415,1676.3791666666666,0.004166666666666667,187.4,468.53472222222223,520.1375,8.3085875,1426.961272222222,23.430184722222222,94.9321347222222,-1.8305555555555555,-3.019619444444444,0.0,-673.1777777777778,1293.9574680555565,649.6813958333336,224.99925972222198,30.307750000000034,2198.945873611109,3442.569999999992,2212.0900000000215,500.0,50.58000000000093,6205.240000000115,46686.0,4899.7677055555505,14363.585686111091,981.5978583333302,15344.68611111111,447.13194444444446,0.0993263888888889,79.0946527777778,39.76430555555555,37.91426388888889
2022-12,2022-12-16 11:30:00,22298.32193548388,24455.08072446232,19823.92075134411,22465.299983870947,24672.647913978497,1297.4695228494631,1340.8077956989248,16507.59458333332,1106.9408602150538,0.010752688172043012,324.48790322580646,553.372311827957,451.76747311827955,6.629166666666667,2622.922541666666,11.82755241935484,149.62131854838708,-1.9556451612903225,-2.5749381720430113,0.0,-606.1518817204301,1261.113266129033,668.1946102150542,250.3998588709676,27.64019489247313,2207.347930107527,3442.569999999987,2212.090000000024,500.0,50.58000000000096,6205.240000000118,46686.0,6777.775739247311,15744.912982526874,660.7998897849463,16405.206989247312,467.26209677419354,0.0825268817204301,71.41162634408599,35.96659946236565,31.632580645161305
2023-01,2023-01-16 11:30:00,23133.11112365591,25179.377252688155,20516.006012096746,23332.629016128998,25519.822853494625,1342.728740591398,1360.3104838709678,17333.205806451617,921.5819892473119,0.0,373.9583333333333,521.9301075268817,415.18145161290323,9.026142473118279,2790.8679919354827,16.729032258064514,153.69179435483875,-1.9314516129032258,-3.1970564516129163,0.0,-558.7258064516129,1257.6561666666646,680.9059905913977,215.7184408602149,32.913239247311814,2187.1938373655926,3442.569999999987,2212.090000000024,500.0,50.58000000000096,6205.240000000118,46686.0,6200.621801075266,15612.859100806447,1019.2188440860232,16631.579301075268,458.2002688172043,0.09489247311827956,76.19771505376329,37.41216397849465,36.76598118279572
2023-02,2023-02-14 23:30:00,24160.36794642855,26154.888779761895,21026.458779761997,24261.704915178583,26333.04866071429,1272.1716994047613,1168.1815476190477,17987.824196428566,905.8630952380952,0.7738095238095238,393.3407738095238,557.5386904761905,407.0654761904762,3.7736607142857146,3213.4220267857177,18.050546130952377,165.7588601190476,-1.9866071428571428,-2.929550595238096,0.0,-554.9717261904761,1161.5099226190475,636.103446428571,240.6086845238097,33.121691964285716,2071.3437455357157,3442.5700000000033,2212.0900000000174,500.0,50.58000000000087,6205.240000000107,46686.0,4652.132946428573,16176.741836309528,1211.2600044642859,17387.526785714286,428.86011904761904,0.0,73.62351190476193,41.188095238095265,33.9921354166667
2023-03,2023-03-16 11:30:00,24003.353990591415,26043.503184139772,21768.106791666745,23830.259475806477,25942.95986424731,1289.5765268817222,1123.0846774193549,18973.96072580645,920.7540322580645,0.967741935483871,235.31182795698925,466.8333333333333,455.5255376344086,8.774193548387098,2035.854141129031,17.524329301075266,167.60118010752674,-1.9448924731182795,-2.8570147849462453,0.0,-571.130376344086,1305.8465752688169,585.2270551075272,192.36508870967756,29.26166935483871,2112.7003884408605,3442.569999999987,2212.090000000024,500.0,50.58000000000096,6205.240000000118,46686.0,5182.518194892471,15417.16223655913,575.1038118279561,15991.77822580645,441.9180107526882,0.0,77.1553763440861,28.988844086021945,40.463696236559144
2023-04,2023-04-15 23:30:00,23791.40420833333,25520.184763888894,21018.8534125,23780.133873611085,25615.16299166665,1205.3462708333338,1144.992495833334,18232.057900000018,838.3052763888892,0.34254305555555553,477.8082916666667,304.6563152777762,397.12665138888866,11.241249999999999,2737.1898763888885,12.849351388888888,174.9383875,-1.9261083333333355,-2.221477777777771,-0.0014861111111111086,-547.2253652777779,1057.1117277777773,567.3471055555558,178.15132499999999,32.41895972222225,1835.0291180555573,3442.569999999992,2287.090000000024,500.0,50.58000000000093,6280.240000000116,46686.0,6371.566893055553,15855.438088888883,345.4755263888884,16200.444444444445,421.39722222222224,0.13208333333333333,78.74902777777773,28.162888888888965,41.522604166666646
2023-05,2023-05-16 11:30:00,24795.973920698925,26456.14596370968,22028.077702956984,24801.685928763407,26491.89535483874,1164.0304596774197,1334.1189489247317,18843.46165725804,923.4026357526878,0.9340443548387098,654.913125,90.26922983870985,464.05098118279545,10.237768817204302,2744.621184139786,18.749283602150538,307.5428655913978,-2.125474462365591,-1.8296330645161298,-0.0017002688172042925,-586.6589072580648,1038.7725833333336,434.04026747311855,109.11600806451612,27.87147311827957,1609.800331989249,3442.569999999987,2287.0900000000256,500.0,50.58000000000096,6280.24000000012,46686.0,3579.271803763442,17517.884904569888,435.9354556451608,17953.333333333332,443.3682795698925,0.0,79.6760752688172,24.16061827956988,42.10309139784944
2023-06,2023-06-15 23:30:00,24325.768461111114,26457.21568333334,23198.714065277778,24204.72785972224,26481.461156944464,1187.4340166666664,1301.0716999999988,20459.46009583333,878.6594597222222,0.8061722222222222,364.20402083333346,185.82311944444425,530.0157180555552,9.9375,989.0419833333336,7.034283333333333,187.46404027777766,-2.140813888888886,-2.6364569444444417,-0.0013694444444444455,-704.0114833333339,1666.4312236111136,421.0127430555551,61.3189083333334,36.77066805555556,2185.533543055554,3442.569999999992,2287.090000000024,500.0,50.58000000000093,6280.240000000116,46686.0,3456.2389208333284,15534.152477777789,505.53071527777695,16039.181944444445,463.0180555555556,0.11305555555555556,81.68430555555551,43.328944444444424,44.066256944444504
2023-07,2023-07-16 11:30:00,24601.766834677434,26579.0464045699,22655.466393817227,24662.043014784944,26677.913955645145,1222.792721774193,1334.210963709678,19851.295051075296,882.6711801075265,1.8609516129032264,518.0188844086024,91.35554838709656,606.6693158602149,9.699462365591398,1994.19100672043,2.6861317204301076,192.47496639784947,-2.0293319892473103,-2.0536962365591367,-0.0015282258064516076,-819.0058440860212,1398.2974865591386,436.2347473118275,56.043068548387076,36.404896505376335,1926.9801989247314,3442.569999999987,2287.0900000000256,500.0,50.58000000000096,6280.24000000012,46686.0,3559.431994623669,16115.937896505371,354.086497311828,16469.530913978495,452.0443548387097,0.09704301075268817,71.46532258064516,34.727486559139955,39.89076612903229
2023-08,2023-08-16 11:30:00,23517.252325268804,25613.322217741927,22047.975219086,23408.623829301097,25647.765030913983,1246.1390887096777,1283.658427419357,19425.99168145162,916.8550120967736,0.0,328.96276209677416,100.61895295698982,605.7141491935481,8.371236559139785,1349.6923158602144,2.5850577956989245,168.11777150537642,-2.1628212365591413,-2.513401881720424,-0.0015255376344085953,-777.2657016129031,1481.2703938172056,528.5484556451607,107.25898790322582,33.31713844086017,2150.3949758064514,3442.569999999987,2287.0900000000256,500.0,50.58000000000096,6280.24000000012,46686.0,4471.070600806441,15461.90197446238,444.90948790322597,15906.309139784946,455.9287634408602,0.0,76.66619623655917,37.737163978494685,41.98246639784948
2023-09,2023-09-15 23:30:00,23449.108283333313,25717.454116666642,21266.23296250001,23380.02858194445,25665.72677916666,1352.6122458333339,1132.274069444444,18810.54125833333,910.9929402777781,1.2308333333333334,349.7047361111114,93.54799027777814,538.1847416666667,8.946620833333334,2094.388831944447,10.460147222222222,161.6106694444444,-2.1199111111111075,-2.1356999999999977,-0.0016833333333333227,-727.5969291666665,1429.3029666666673,589.3997472222219,168.5672763888888,15.831036111111107,2203.101026388891,3442.569999999992,2287.090000000024,500.0,50.58000000000093,6280.240000000116,46686.0,5240.147287499998,15220.91864305555,620.5523902777782,15840.972222222223,456.0527777777778,0.0,76.02687499999998,37.370972222222456,41.111826388888865
2023-10,2023-10-16 11:30:00,22765.87783602152,25117.97595430108,22393.925369623656,22844.42145295699,25200.308741935478,1388.7718481182826,1059.5251747311822,19986.70187634407,897.7239717741937,2.000529569892473,309.2875228494625,113.2667271505373,559.5394569892468,5.521505376344086,424.11356317204275,20.861020161290323,174.28427150537624,-2.1283803763440887,-2.4964314516129007,-0.0015053763440860148,-703.7778387096771,1428.8897284946224,656.0002674731178,184.70738306451597,22.14815322580645,2291.7455322580668,3442.569999999987,2287.0900000000256,500.0,50.58000000000096,6280.24000000012,46686.0,5187.497024193539,13916.44928360212,620.2750470430104,14536.237903225807,447.9220430107527,0.09327956989247313,80.64395161290318,38.82303763440864,43.080201612903195
2023-11,2023-11-15 23:30:00,23347.650943055563,25564.41899861111,21844.46961944445,23565.194169444458,25800.88522083331,1451.3483777777767,1228.2125666666675,18749.388659722237,1012.7865236111116,0.5110847222222222,732.6783638888897,104.60495277777827,437.7255819444442,9.384930555555556,1691.9974277777778,19.342175,190.61619305555553,-1.927104166666669,-1.8635972222222241,-0.0015847222222222142,-608.2619374999994,1271.482230555555,689.2273777777777,192.11481527777764,13.492354166666672,2166.316777777778,3442.569999999992,2287.090000000024,500.0,50.58000000000093,6280.240000000116,46686.0,5211.487944444428,15474.147801388888,752.5785986111161,16226.233333333334,442.86944444444447,0.0,71.84097222222228,31.4573611111112,38.58537500000001
2023-12,2023-12-16 11:30:00,21813.471979838716,24007.318754032254,20852.757895161296,21624.47392876344,23912.584032258048,1289.166836021507,1370.6761653225826,18163.412799731166,1118.3817889784946,0.3082836021505376,155.3506505376343,122.88131048387123,455.6387244623657,5.066801075268817,748.4756518817203,18.173586021505386,55.212473118279576,-2.054362903225807,-3.1087526881720446,-0.001415322580645155,-583.9397204301082,1400.1716196236553,651.0045833333334,185.2614422043015,12.247196236559148,2248.68484139785,3442.569999999987,2287.0900000000256,500.0,50.58000000000096,6280.24000000012,46686.0,7921.294817204277,13137.017155913964,602.330083333333,13738.837365591398,465.9206989247312,0.290872311827957,80.03555107526883,42.885376344086,45.2932930107527
2024-01,2024-01-12 11:30:00,21518.32707065219,23619.214751811618,20408.914789855073,21351.47174637682,23619.304371376824,1140.2063822463772,1387.2743405797116,17467.882349637694,918.4043188405797,0.12069927536231882,186.64452173913034,526.6816757246379,421.8241920289857,5.27536231884058,910.4068423913037,26.874719202898554,84.80488949275362,-2.0999420289855064,-3.3021630434782594,-9.963768115942033e-05,-579.3199782608699,1341.0639945652172,662.7779818840575,194.44932246376794,18.464076086956517,2216.7553749999997,3442.5700000000165,2287.090000000005,500.0,50.58000000000069,6280.2400000000835,46686.0,8416.49430797101,13765.699724637694,608.3116938405781,14373.53079710145,428.39130434782606,255.6820018115941,81.43152173913049,45.49601449275361,43.08320652173913
